City_ID,City,Country,Lat,Lng,Max Temp,Humidity,Cloudiness,Wind Speed,Current Description
0,Carnarvon,AU,-24.8667,113.6333,73.4,71,74,24.23,broken clouds
1,Hobart,AU,-42.8794,147.3294,45.0,93,75,6.91,broken clouds
2,Ushuaia,AR,-54.8,-68.3,51.8,40,20,12.66,few clouds
3,Linhares,BR,-19.3911,-40.0722,76.55,70,37,4.56,scattered clouds
4,Ballina,AU,-28.8667,153.5667,55.4,82,90,6.91,overcast clouds
5,Nassau,US,40.7507,-73.5829,50.0,83,100,3.0,light rain
6,Broome,US,42.2506,-75.833,46.99,100,90,9.22,overcast clouds
7,Faya,SA,18.3851,42.4509,64.4,63,0,4.61,clear sky
8,Yulara,AU,-25.2406,130.9889,60.8,41,96,4.61,overcast clouds
9,Provideniya,RU,64.3833,-173.3,17.92,88,100,16.35,overcast clouds
10,Albany,US,42.6001,-73.9662,51.8,71,90,8.05,light rain
11,Castro,BR,-24.7911,-50.0119,66.76,90,39,3.91,scattered clouds
12,Rosario,AR,-32.9468,-60.6393,75.2,41,0,6.91,clear sky
13,Nanortalik,GL,60.1432,-45.2371,35.67,76,15,12.97,few clouds
14,Carauari,BR,-4.8828,-66.8958,84.6,69,54,0.51,broken clouds
15,Dolinsk,RU,47.35,142.8,44.6,57,99,13.42,overcast clouds
16,Mataura,NZ,-46.1927,168.8643,51.01,95,100,1.01,light rain
17,Kruisfontein,ZA,-34.0033,24.7314,66.0,93,73,1.01,broken clouds
18,Thompson,CA,55.7435,-97.8558,26.6,50,90,17.27,overcast clouds
19,Yerbogachen,RU,61.2767,108.0108,22.73,96,99,7.67,overcast clouds
20,Codrington,AU,-38.2667,141.9667,56.25,59,100,15.3,overcast clouds
21,Busselton,AU,-33.65,115.3333,50.0,87,99,1.99,overcast clouds
22,Hilo,US,19.7297,-155.09,77.0,61,1,10.36,clear sky
23,Vaini,TO,-21.2,-175.2,78.8,73,20,6.91,few clouds
24,Albion,US,42.2431,-84.753,61.0,59,75,17.27,broken clouds
25,Muros,ES,42.7762,-9.0603,55.4,58,0,5.75,clear sky
26,Severo-Kurilsk,RU,50.6789,156.125,33.48,97,100,2.66,light snow
27,Avarua,CK,-21.2078,-159.775,80.6,78,42,4.61,scattered clouds
28,San Quintin,MX,30.4833,-115.95,62.73,63,6,12.73,clear sky
29,Jamestown,US,42.097,-79.2353,57.0,87,75,10.36,broken clouds
30,Caiaponia,BR,-16.9567,-51.8103,74.53,58,29,3.24,scattered clouds
31,Siyabuswa,ZA,-25.1132,29.0445,64.69,34,0,3.87,clear sky
32,Bredasdorp,ZA,-34.5322,20.0403,66.2,82,73,5.75,broken clouds
33,Champerico,GT,14.3,-91.9167,95.0,43,20,6.91,few clouds
34,Nikolskoye,RU,59.7035,30.7861,54.0,43,0,6.71,clear sky
35,Talnakh,RU,69.4865,88.3972,20.95,95,100,7.72,light snow
36,Ginir,ET,7.1333,40.7,58.23,82,97,5.1,overcast clouds
37,Kodiak,US,57.79,-152.4072,42.8,61,1,10.36,clear sky
38,Rikitea,PF,-23.1203,-134.9692,78.49,68,7,10.31,clear sky
39,Hermanus,ZA,-34.4187,19.2345,63.0,89,96,3.0,overcast clouds
40,Qeshm,IR,26.9581,56.2719,77.0,83,0,4.61,clear sky
41,Georgetown,MY,5.4112,100.3354,80.6,89,20,4.61,few clouds
42,Vila Velha,BR,-20.3297,-40.2925,82.4,74,0,8.05,clear sky
43,Cabo San Lucas,MX,22.8909,-109.9124,82.99,38,1,11.5,clear sky
44,Namibe,AO,-15.1961,12.1522,79.74,74,1,3.11,clear sky
45,Riyadh,SA,24.6877,46.7219,86.0,19,40,6.91,light rain
46,Puerto Ayora,EC,-0.7393,-90.3518,80.6,78,75,10.36,light rain
47,Fort Nelson,CA,58.8053,-122.7002,42.8,31,75,4.61,broken clouds
48,Alofi,NU,-19.0595,-169.9187,77.0,88,75,6.91,light rain
49,New Norfolk,AU,-42.7826,147.0587,45.0,86,100,2.48,overcast clouds
50,Ocos,GT,14.5094,-92.1933,95.0,52,20,17.27,few clouds
51,Arraial Do Cabo,BR,-22.9661,-42.0278,87.8,45,0,12.66,clear sky
52,Tourlaville,FR,49.6383,-1.5664,45.0,87,75,2.3,broken clouds
53,Upernavik,GL,72.7868,-56.1549,31.08,97,100,6.51,light snow
54,Komsomolskiy,UZ,40.4272,71.7189,60.8,36,93,9.22,overcast clouds
55,Punta Arenas,CL,-53.15,-70.9167,50.0,53,75,24.16,broken clouds
56,Kargasok,RU,59.0556,80.8572,29.32,93,12,7.72,few clouds
57,Gat,IL,31.61,34.7642,57.0,83,0,3.94,clear sky
58,Grand Gaube,MU,-20.0064,57.6608,75.0,92,100,5.01,moderate rain
59,Kaitangata,NZ,-46.2817,169.8464,52.59,94,100,4.12,light rain
60,Shingu,JP,33.7333,135.9833,57.9,92,100,7.94,overcast clouds
61,Jogindarnagar,IN,31.9833,76.7667,62.56,32,3,10.76,clear sky
62,Liaozhong,CN,41.5061,122.7242,33.8,75,0,8.95,clear sky
63,Nishihara,JP,26.1842,127.7558,71.6,94,75,4.61,broken clouds
64,Mahebourg,MU,-20.4081,57.7,75.2,94,75,4.61,moderate rain
65,Kapaa,US,22.0752,-159.319,77.0,65,20,14.97,light rain
66,Fortuna,US,40.5982,-124.1573,60.01,71,1,16.11,clear sky
67,Sinnamary,GF,5.3833,-52.95,79.38,85,27,9.55,scattered clouds
68,Yellowknife,CA,62.456,-114.3525,16.0,67,20,20.71,few clouds
69,Cidreira,BR,-30.1811,-50.2056,69.84,73,32,10.16,scattered clouds
70,Pangody,RU,65.85,74.4859,27.55,83,90,22.26,overcast clouds
71,Lompoc,US,34.6391,-120.4579,59.0,71,10,10.36,clear sky
72,Ayagoz,KZ,47.9714,80.4392,41.67,42,0,10.85,clear sky
73,Lebu,CL,-37.6167,-73.65,61.77,76,0,16.08,clear sky
74,Tual,ID,-5.6667,132.75,81.99,75,71,8.01,broken clouds
75,Mega,ET,4.05,38.3,59.38,90,92,5.23,overcast clouds
76,Daltenganj,IN,24.0333,84.0667,76.1,15,0,5.35,clear sky
77,Banjar,ID,-8.19,114.9675,75.63,86,2,5.3,clear sky
78,Moerai,PF,-22.4333,-151.3333,79.99,78,96,17.09,light rain
79,Balfour,ZA,-26.6633,28.5902,63.0,5,0,4.88,clear sky
80,Vestmannaeyjar,IS,63.4427,-20.2734,41.88,80,67,17.4,broken clouds
81,Kawalu,ID,-7.3817,108.2082,71.89,97,98,0.72,overcast clouds
82,Vao,NC,-22.6667,167.4833,76.3,86,100,16.26,overcast clouds
83,Kenora,CA,49.8167,-94.4337,33.8,93,90,13.8,light intensity drizzle
84,Tasiilaq,GL,65.6145,-37.6368,28.4,64,11,6.91,few clouds
85,Kutum,SD,14.2,24.6667,70.18,7,10,11.07,clear sky
86,Axim,GH,4.8699,-2.2405,81.59,83,87,9.08,overcast clouds
87,Lages,BR,-27.8161,-50.3261,61.39,68,0,3.87,clear sky
88,Sioux Lookout,CA,50.1001,-91.917,35.6,93,90,11.5,overcast clouds
89,Porto Novo,BJ,6.4965,2.6036,84.2,79,20,10.36,few clouds
90,Avera,US,33.194,-82.5271,86.0,21,1,14.97,clear sky
91,Bluff,NZ,-46.6,168.3333,51.01,95,100,1.01,light rain
92,Yaroslavl,RU,57.6299,39.8737,51.8,37,0,6.71,light rain
93,Saint-Philippe,RE,-21.3585,55.7679,80.6,74,90,5.75,moderate rain
94,Ghansor,IN,22.65,79.95,80.04,14,0,3.8,clear sky
95,Cape Town,ZA,-33.9258,18.4232,64.99,94,40,12.66,scattered clouds
96,Cedar Falls,US,42.5278,-92.4455,57.2,33,1,19.57,clear sky
97,Adrar,MR,20.5022,-10.0711,85.19,13,0,11.5,clear sky
98,Marsa Matruh,EG,31.3525,27.2453,59.0,63,20,6.91,few clouds
99,Hanting,CN,36.7708,119.2108,45.34,64,92,13.18,overcast clouds
100,Fremont,US,37.5483,-121.9886,78.01,67,1,10.36,clear sky
101,Luangwa,ZM,-15.6167,30.4167,69.62,82,17,2.01,few clouds
102,Cockburn Town,TC,21.4612,-71.1419,76.75,72,51,4.92,broken clouds
103,Baglung,NP,28.2719,83.5898,61.56,20,0,7.78,clear sky
104,Makakilo City,US,21.3469,-158.0858,77.0,64,40,5.75,scattered clouds
105,Hithadhoo,MV,-0.6,73.0833,82.9,71,84,8.66,broken clouds
106,Acapulco,MX,16.8634,-99.8901,84.2,65,20,11.5,few clouds
107,Chapais,CA,49.7834,-74.8492,59.0,44,1,12.66,clear sky
108,Yelbarga,IN,15.6333,76.0167,81.61,37,57,9.46,broken clouds
109,Middle Valley,US,35.1959,-85.1847,84.2,20,1,11.5,clear sky
110,Launceston,AU,-41.45,147.1667,41.0,87,99,0.29,overcast clouds
111,Pevek,RU,69.7008,170.3133,-17.7,100,100,6.11,overcast clouds
112,Ilulissat,GL,69.2167,-51.1,32.0,93,90,13.8,snow
113,Griffith,US,41.5284,-87.4237,63.0,45,1,13.8,clear sky
114,Cognac,FR,45.5,-0.25,46.4,49,0,4.61,clear sky
115,Torbay,CA,47.6666,-52.7314,37.4,100,90,26.46,moderate rain
116,Atuona,PF,-9.8,-139.0333,80.67,74,39,18.21,scattered clouds
117,Hare Bay,CA,48.8499,-54.0148,42.8,100,100,10.36,overcast clouds
118,Khatanga,RU,71.9667,102.5,24.8,90,100,10.13,overcast clouds
119,Taoudenni,ML,22.6783,-3.9836,93.25,10,81,9.33,broken clouds
120,Dikson,RU,73.5069,80.5464,24.96,86,100,16.69,overcast clouds
121,Ambunti,PG,-4.2365,142.8448,72.57,99,93,0.2,light rain
122,Saint Anthony,US,45.0205,-93.218,44.6,93,90,12.66,light rain
123,Upata,VE,8.0086,-62.3989,91.0,61,90,4.0,overcast clouds
124,Bakhmach,UA,51.1808,32.7569,52.54,82,100,5.01,overcast clouds
125,Bengkulu,ID,-3.8004,102.2655,76.59,87,100,3.4,overcast clouds
126,Chuy,UY,-33.6971,-53.4616,62.69,69,0,4.88,clear sky
127,Bambanglipuro,ID,-7.95,110.2833,76.89,87,24,3.04,few clouds
128,Souillac,MU,-20.5167,57.5167,75.2,94,75,4.61,moderate rain
129,Mastic Beach,US,40.7668,-72.8521,50.0,81,90,5.75,overcast clouds
130,Kailua,US,21.4022,-157.7394,77.0,68,40,8.05,scattered clouds
131,Saint-Joseph,RE,-21.3667,55.6167,80.6,74,90,5.75,moderate rain
132,Dongying,CN,37.4564,118.4856,48.18,53,93,12.21,overcast clouds
133,Norman Wells,CA,65.282,-126.8329,19.4,45,75,14.97,broken clouds
134,Pahrump,US,36.2083,-115.9839,82.0,7,4,3.0,clear sky
135,Diego De Almagro,CL,-26.3667,-70.05,79.99,21,37,10.45,scattered clouds
136,Saint-Georges,GD,12.0564,-61.7485,84.2,79,40,17.27,scattered clouds
137,Cairns,AU,-16.9167,145.7667,73.4,83,40,5.75,scattered clouds
138,Albacete,ES,38.8333,-2.0,50.0,81,0,6.91,clear sky
139,Paamiut,GL,61.994,-49.6678,32.7,82,19,1.19,few clouds
140,Mezocsat,HU,47.8167,20.9167,62.6,51,0,5.75,light rain
141,Lata,PT,40.1629,-8.3327,60.01,66,100,0.54,overcast clouds
142,Santa Maria,BR,-29.6842,-53.8069,73.4,56,75,3.44,broken clouds
143,Boa Vista,BR,2.8197,-60.6733,89.6,51,40,8.05,scattered clouds
144,Bilibino,RU,68.0546,166.4372,-8.32,73,39,1.36,scattered clouds
145,East London,ZA,-33.0153,27.9116,72.05,88,98,7.63,overcast clouds
146,Tiksi,RU,71.6872,128.8694,4.1,91,99,7.58,overcast clouds
147,Tecoanapa,MX,16.5167,-98.75,84.85,53,0,11.77,clear sky
148,Savannah Bight,HN,16.45,-85.85,89.6,70,40,3.44,scattered clouds
149,Sola,VU,-13.8833,167.55,82.15,75,92,14.56,overcast clouds
150,Olinda,BR,-8.0089,-34.8553,78.8,73,75,6.91,broken clouds
151,Alexandria,EG,31.2156,29.9553,59.0,55,40,4.61,scattered clouds
152,Ondjiva,AO,-17.0667,15.7333,67.77,44,16,6.82,few clouds
153,Mandera,KE,3.9366,41.867,86.27,50,91,9.86,overcast clouds
154,Erenhot,CN,43.6475,111.9767,29.66,20,55,11.21,broken clouds
155,Lamu,KE,-2.2717,40.902,80.6,89,1,5.75,clear sky
156,Urusha,RU,54.05,122.9,5.2,94,28,3.96,scattered clouds
157,Akron,US,41.0814,-81.519,55.99,71,90,9.22,overcast clouds
158,Kununurra,AU,-15.7667,128.7333,71.6,100,40,4.27,scattered clouds
159,Pangnirtung,CA,66.1451,-65.7125,33.8,100,90,12.66,snow
160,The Valley,AI,18.217,-63.0578,84.2,69,20,10.36,few clouds
161,Clyde River,CA,70.4692,-68.5914,21.2,93,90,18.41,overcast clouds
162,Neryungri,RU,56.6709,124.6491,1.2,98,100,3.33,overcast clouds
163,Lagoa,PT,39.05,-27.9833,61.05,87,77,8.19,broken clouds
164,Naze,JP,28.3667,129.4833,67.19,90,87,15.88,overcast clouds
165,Newport,GB,51.5877,-2.9984,42.01,83,12,3.69,few clouds
166,Bud,US,39.447,-86.1758,66.99,50,23,15.77,few clouds
167,Sitka,US,57.0531,-135.33,39.2,87,90,10.36,light rain
168,Madang,PG,-5.2246,145.7966,75.49,92,99,0.81,overcast clouds
169,Destin,US,30.3935,-86.4958,78.8,50,1,10.36,clear sky
170,Tuktoyaktuk,CA,69.4541,-133.0374,1.4,66,75,10.36,broken clouds
171,Saint-Leu,RE,-21.15,55.2833,80.6,74,90,5.75,light rain
172,La Primavera,CO,5.4906,-70.4092,76.75,82,100,5.97,overcast clouds
173,Esperance,AU,-33.8667,121.9,53.6,94,75,13.8,broken clouds
174,Iquitos,PE,-3.7481,-73.2472,82.4,83,75,3.44,moderate rain
175,Techiman,GH,7.5862,-1.9414,77.99,69,100,3.36,overcast clouds
176,Vanimo,PG,-2.6741,141.3028,76.08,88,100,3.4,light rain
177,Suntar,RU,62.1444,117.6319,-0.54,99,75,3.85,broken clouds
178,Barrow,US,71.2906,-156.7887,-5.8,59,1,11.5,clear sky
179,Port Alfred,ZA,-33.5906,26.891,70.74,94,85,6.6,overcast clouds
180,Bom Jesus,BR,-9.0744,-44.3586,83.08,47,92,2.13,overcast clouds
181,Hualmay,PE,-11.0964,-77.6139,72.03,75,85,9.26,overcast clouds
182,Bara,NG,10.3744,10.7288,84.02,15,23,2.08,few clouds
183,Safakulevo,RU,54.9901,62.5442,36.9,97,100,4.72,overcast clouds
184,Half Moon Bay,US,37.4636,-122.4286,69.01,82,1,6.91,haze
185,Mahibadhoo,MV,3.7833,72.9667,82.31,73,84,5.37,broken clouds
186,Qaanaaq,GL,77.484,-69.3632,2.46,85,16,2.98,few clouds
187,Magdagachi,RU,53.45,125.8,8.08,84,7,5.99,clear sky
188,Beringovskiy,RU,63.05,179.3167,10.02,90,100,22.88,light snow
189,Caravelas,BR,-17.7125,-39.2481,76.46,69,43,7.11,scattered clouds
190,Paragominas,BR,-2.9667,-47.4833,75.51,94,98,3.87,overcast clouds
191,Shelburne,CA,44.0787,-80.2041,51.01,97,100,7.7,overcast clouds
192,Devin,BG,41.7433,24.4,55.99,71,48,3.44,scattered clouds
193,Waverly,US,42.7392,-84.6208,59.0,63,90,21.85,overcast clouds
194,Katsuura,JP,35.1333,140.3,57.99,82,75,6.91,broken clouds
195,Klaksvik,FO,62.2266,-6.589,33.8,75,75,1.14,broken clouds
196,Chokurdakh,RU,70.6333,147.9167,-0.65,87,100,10.85,overcast clouds
197,Presidencia Roque Saenz Pena,AR,-26.7852,-60.4388,70.0,68,3,4.0,clear sky
198,Pangkalanbuun,ID,-2.6833,111.6167,73.06,98,87,1.14,overcast clouds
199,La Ronge,CA,55.1001,-105.2842,39.2,32,27,12.66,scattered clouds
200,Cabedelo,BR,-6.9811,-34.8339,80.6,94,40,11.5,scattered clouds
201,Amapa,BR,1.0,-52.0,75.52,96,100,3.04,heavy intensity rain
202,Sao Joao Da Barra,BR,-21.6403,-41.0511,87.8,37,0,5.75,clear sky
203,Tacuarembo,UY,-31.7333,-55.9833,65.05,59,0,6.8,clear sky
204,Asau,RO,46.4333,26.4,46.0,47,9,2.3,light rain
205,Arman,RU,59.7,150.1667,3.34,71,71,8.93,broken clouds
206,Airai,TL,-8.9266,125.4092,57.29,75,90,2.21,overcast clouds
207,Hami,CN,42.8,93.45,47.64,28,0,6.13,clear sky
208,Iqaluit,CA,63.7506,-68.5145,33.8,93,90,4.61,light rain
209,Maniitsoq,GL,65.4167,-52.9,33.62,78,36,8.12,scattered clouds
210,Peleduy,RU,59.6289,112.7406,-1.93,99,83,1.66,broken clouds
211,Dunedin,NZ,-45.8742,170.5036,57.0,71,100,1.01,light rain
212,Bambous Virieux,MU,-20.3428,57.7575,75.2,94,75,4.61,moderate rain
213,Saldanha,ZA,-33.0117,17.9442,62.6,67,96,4.61,overcast clouds
214,Narsaq,GL,60.9167,-46.05,44.6,36,1,6.91,clear sky
215,Butaritari,KI,3.0707,172.7902,81.84,73,99,14.14,overcast clouds
216,Saint-Francois,FR,46.4154,3.9054,37.99,70,0,3.44,clear sky
217,Coquimbo,CL,-29.9533,-71.3436,60.8,77,20,12.66,few clouds
218,Westport,US,41.1415,-73.3579,48.99,87,90,9.44,moderate rain
219,Timmins,CA,48.4669,-81.3331,68.0,37,40,12.66,scattered clouds
220,Rozivka,UA,46.9385,35.7724,45.14,91,100,7.02,overcast clouds
221,Margate,GB,51.3813,1.3862,39.0,71,5,1.01,clear sky
222,Dzhebariki-Khaya,RU,62.2167,135.8,-3.23,98,95,0.29,overcast clouds
223,Victoria,HK,22.2855,114.1577,75.0,86,55,4.5,broken clouds
224,Urucui,BR,-7.2294,-44.5561,83.53,61,100,1.66,overcast clouds
225,Rio Gallegos,AR,-51.6226,-69.2181,59.0,25,0,4.61,clear sky
226,Hasaki,JP,35.7333,140.8333,51.8,87,75,20.0,moderate rain
227,Henties Bay,NA,-22.116,14.2845,77.47,46,1,8.28,clear sky
228,At-Bashi,KG,41.1702,75.8106,42.71,49,95,4.05,overcast clouds
229,Podyuga,RU,61.095,40.8647,43.81,93,70,7.92,broken clouds
230,Husavik,IS,66.0449,-17.3389,42.8,56,0,10.36,clear sky
231,Saskylakh,RU,71.9167,114.0833,13.14,95,99,9.31,overcast clouds
232,Ahipara,NZ,-35.1667,173.1667,67.39,79,30,7.78,scattered clouds
233,Redcliffe,AU,-27.2307,153.0973,59.0,82,20,8.05,few clouds
234,Ipixuna,BR,-1.7625,-48.8043,78.8,89,40,4.61,scattered clouds
235,Nara,JP,34.6851,135.8049,59.0,72,75,6.91,broken clouds
236,Erzin,TR,36.9559,36.2,55.0,73,10,1.88,clear sky
237,Charkhi Dadri,IN,28.6,76.2667,78.39,16,9,1.97,clear sky
238,Aswan,EG,24.0934,32.907,69.12,15,0,14.0,clear sky
239,Eagle Pass,US,28.7091,-100.4995,91.4,38,40,5.75,scattered clouds
240,Hervey Bay,AU,-25.2986,152.8535,64.99,88,1,6.91,clear sky
241,Santiago Del Estero,AR,-27.7951,-64.2615,78.21,27,7,5.21,clear sky
242,Port Elizabeth,ZA,-33.918,25.5701,68.0,94,90,2.3,mist
243,Pisco,PE,-13.7,-76.2167,77.0,61,0,23.02,clear sky
244,Zemio,CF,5.0314,25.1361,73.17,80,100,3.98,overcast clouds
245,Cayenne,GF,4.9333,-52.3333,84.2,79,75,9.22,broken clouds
246,Deputatskiy,RU,69.3,139.9,-9.44,91,33,4.99,scattered clouds
247,Tshikapa,CD,-6.4167,20.8,67.19,96,93,2.46,overcast clouds
248,Longhua,CN,23.6137,114.1919,71.65,83,6,1.16,clear sky
249,Antalaha,MG,-14.9003,50.2788,74.68,87,100,5.73,overcast clouds
250,Kamina,CD,-8.7386,24.9906,61.59,97,61,3.15,broken clouds
251,Gizo,SB,-8.103,156.8419,81.73,76,75,5.3,broken clouds
252,Bethel,US,41.3712,-73.414,48.99,92,100,8.63,moderate rain
253,Koungou,YT,-12.7336,45.2042,82.4,78,0,6.91,moderate rain
254,Awjilah,LY,29.1081,21.2869,69.98,16,100,9.93,overcast clouds
255,Constitucion,CL,-35.3333,-72.4167,69.33,59,6,15.61,clear sky
256,Verkhnevilyuysk,RU,63.4453,120.3167,-6.61,100,100,2.73,overcast clouds
257,Valparaiso,CL,-33.0393,-71.6273,71.6,49,0,6.91,clear sky
258,Kiunga,PG,-6.1219,141.2906,69.75,99,87,1.68,overcast clouds
259,Qaqortoq,GL,60.7167,-46.0333,44.6,36,1,6.91,clear sky
260,Corinto,GR,37.9407,22.9573,54.0,56,41,1.01,scattered clouds
261,Takoradi,GH,4.8845,-1.7554,81.73,82,58,9.82,broken clouds
262,Yabrud,SY,33.9674,36.6574,44.6,57,0,6.91,clear sky
263,Broken Hill,AU,-31.95,141.4333,53.6,43,98,11.5,overcast clouds
264,Kavaratti,IN,10.5669,72.642,82.74,75,63,6.4,broken clouds
265,Divnomorskoye,RU,44.5011,38.1353,47.39,91,100,4.92,light rain
266,Ust-Nera,RU,64.5667,143.2,-10.05,91,22,1.92,few clouds
267,Oranjemund,NA,-28.55,16.4333,67.06,63,3,1.01,clear sky
268,Nome,US,64.5011,-165.4064,33.8,86,90,17.27,light snow
269,Laguna,US,38.421,-121.4238,81.0,14,1,8.05,clear sky
270,Moroni,KM,-11.7022,43.2551,79.61,82,95,9.91,moderate rain
271,Nuuk,GL,64.1835,-51.7216,37.4,65,40,5.75,scattered clouds
272,Patea,NZ,-39.7583,174.4833,64.0,95,99,1.01,overcast clouds
273,Vrsac,RS,45.1167,21.3036,68.0,30,0,21.85,light rain
274,Whitehorse,CA,60.7161,-135.0538,37.99,55,75,19.57,broken clouds
275,Ojhar,IN,20.1,73.9333,81.7,18,71,3.04,broken clouds
276,Pafos,CY,34.7667,32.4167,50.0,71,0,8.05,clear sky
277,Misawa,JP,40.6836,141.3597,52.36,65,100,16.17,moderate rain
278,Pyapon,MM,16.2833,95.6833,80.46,76,99,3.83,overcast clouds
279,Verkhnyaya Toyma,RU,62.2349,44.9985,40.33,96,94,5.17,overcast clouds
280,Ponta Do Sol,PT,32.6667,-17.1,68.0,83,20,4.61,few clouds
281,Okhotsk,RU,59.3833,143.3,13.96,94,100,3.71,overcast clouds
282,Erdenet,MN,49.0333,104.0833,22.37,55,0,3.06,clear sky
283,Loyga,RU,61.0784,44.6075,42.26,93,66,7.11,broken clouds
284,Biscarrosse,FR,44.3945,-1.1672,48.2,49,0,8.05,clear sky
285,Kamensk-Uralskiy,RU,56.4185,61.9329,37.6,89,1,5.44,clear sky
286,Fort Wellington,GY,6.4,-57.6,80.94,76,39,7.87,scattered clouds
287,Ribeira Grande,PT,38.5167,-28.7,62.6,94,75,13.8,broken clouds
288,Port Hedland,AU,-20.3167,118.5667,78.8,94,52,4.61,broken clouds
289,Harrisonville,US,38.6533,-94.3488,62.6,31,1,11.5,clear sky
290,Mar Del Plata,AR,-38.0023,-57.5575,73.4,49,0,13.8,clear sky
291,Kieta,PG,-6.2167,155.6333,78.93,81,100,4.7,overcast clouds
292,Beira,MZ,-19.8436,34.8389,78.8,78,20,8.97,few clouds
293,Radviliskis,LT,55.8167,23.5333,46.4,87,99,12.66,overcast clouds
294,Tazovskiy,RU,67.4667,78.7,29.35,81,100,23.35,overcast clouds
295,Tigil,RU,57.8,158.6667,13.46,92,99,8.88,overcast clouds
296,Wad Rawah,SD,15.1603,33.1397,83.32,8,44,14.2,scattered clouds
297,Hokitika,NZ,-42.7167,170.9667,57.22,88,100,10.47,moderate rain
298,Tuatapere,NZ,-46.1333,167.6833,51.01,95,100,1.01,light rain
299,Elliot,ZA,-31.3333,27.85,61.25,60,16,3.62,few clouds
300,Comodoro Rivadavia,AR,-45.8667,-67.5,77.0,25,40,21.85,scattered clouds
301,Anadyr,RU,64.75,177.4833,5.0,78,40,13.42,snow
302,Along,IN,28.1667,94.7667,62.22,84,45,3.56,scattered clouds
303,Nemuro,JP,43.3236,145.575,41.5,88,100,28.5,overcast clouds
304,Lavrentiya,RU,65.5833,-171.0,11.75,92,100,14.67,light snow
305,Toamasina,MG,-18.1667,49.3833,75.2,94,40,5.75,light rain
306,Soimus,RO,45.9167,22.9,53.15,75,24,2.44,light rain
307,Poum,NC,-20.2333,164.0167,77.59,82,41,4.85,scattered clouds
308,Trapani,IT,37.8333,12.6667,59.0,94,40,8.05,scattered clouds
309,Smithers,CA,54.7804,-127.1743,44.6,36,75,10.36,broken clouds
310,Byron Bay,AU,-28.65,153.6167,55.4,82,90,6.91,overcast clouds
311,Castanos,MX,26.7833,-101.4167,89.6,22,40,8.05,haze
312,Boende,CD,-0.2167,20.8667,72.68,83,43,1.77,scattered clouds
313,Biak,ID,-0.9131,122.8766,75.43,84,89,4.12,overcast clouds
314,Parry Sound,CA,45.3501,-80.033,50.0,87,100,10.27,overcast clouds
315,Dubai,AE,25.2582,55.3047,87.8,27,0,5.75,clear sky
316,Cuajinicuilapa,MX,16.4667,-98.4167,91.18,33,1,11.68,clear sky
317,Ancud,CL,-41.8697,-73.8203,64.99,100,90,11.5,overcast clouds
318,Chicama,PE,-7.8447,-79.1469,69.8,83,42,13.8,fog
319,Chapada Dos Guimaraes,BR,-15.4606,-55.7497,86.0,62,40,4.61,scattered clouds
320,Mount Gambier,AU,-37.8333,140.7667,55.4,58,100,11.5,light rain
321,Mehamn,NO,71.0357,27.8492,30.2,86,40,18.41,scattered clouds
322,Baykit,RU,61.67,96.37,28.78,87,98,9.69,overcast clouds
323,Acajutla,SV,13.5928,-89.8275,96.8,32,20,4.61,few clouds
324,Kirakira,SB,-10.4544,161.9205,81.59,82,44,7.02,scattered clouds
325,Aden,YE,12.7794,45.0367,80.82,80,2,18.28,clear sky
326,Touros,BR,-5.1989,-35.4608,82.4,74,40,10.36,scattered clouds
327,Brainerd,US,46.358,-94.2008,44.6,81,90,14.97,overcast clouds
328,Aklavik,CA,68.2191,-135.0107,17.6,41,100,5.75,overcast clouds
329,Lauda-Konigshofen,DE,49.5653,9.7042,35.6,69,40,3.44,scattered clouds
330,Humboldt,US,40.6665,-123.9178,61.0,71,1,16.11,clear sky
331,Berlevag,NO,70.8578,29.0864,30.2,80,20,25.32,few clouds
332,Bima,ID,-8.4667,118.7167,73.81,93,15,3.87,few clouds
333,Korla,CN,41.7597,86.1469,51.53,35,67,9.84,broken clouds
334,Huarmey,PE,-10.0681,-78.1522,73.02,75,64,9.75,broken clouds
335,Samarai,PG,-10.6167,150.6667,79.93,65,73,11.48,broken clouds
336,Bonavista,CA,48.6499,-53.1147,37.0,100,100,10.36,moderate rain
337,Turukhansk,RU,65.8167,87.9833,23.58,96,99,10.56,overcast clouds
338,Pacific Grove,US,36.6177,-121.9166,57.2,67,40,12.66,scattered clouds
339,Siderno,IT,38.2779,16.302,57.99,82,75,4.61,broken clouds
340,Cascais,PT,38.6979,-9.4215,62.01,74,100,2.84,overcast clouds
341,Narasannapeta,IN,18.4167,84.05,78.8,79,9,3.96,clear sky
342,Guerrero Negro,MX,27.9769,-114.0611,66.31,56,0,17.9,clear sky
343,Altea,ES,38.5989,-0.0514,57.0,87,100,1.01,overcast clouds
344,Geraldton,AU,-28.7667,114.6,64.4,63,40,10.36,scattered clouds
345,Anloga,GH,5.7947,0.8973,84.2,79,20,6.91,few clouds
346,Northam,GB,51.0333,-4.2167,42.01,88,13,1.01,few clouds
347,Faanui,PF,-16.4833,-151.75,82.35,72,100,12.17,overcast clouds
348,Te Anau,NZ,-45.4167,167.7167,48.94,91,100,0.72,overcast clouds
349,Kahului,US,20.8947,-156.47,77.0,65,40,12.66,scattered clouds
350,Santiago,CL,-33.4569,-70.6483,86.0,17,0,6.91,clear sky
351,Cap Malheureux,MU,-19.9842,57.6142,75.0,92,99,5.01,moderate rain
352,Dire,ML,12.2833,-10.9667,95.52,21,85,1.74,overcast clouds
353,Stephenville,US,32.2207,-98.2023,84.2,45,1,4.61,clear sky
354,Funadhoo,MV,6.15,73.2667,82.85,70,85,2.28,overcast clouds
355,Tortoli,IT,39.9256,9.6572,59.0,67,0,8.05,clear sky
356,Njombe,TZ,-9.3333,34.7667,57.65,93,100,10.16,overcast clouds
357,Gao,ML,16.6362,1.637,89.11,6,0,11.48,clear sky
358,Tagusao,PH,9.1924,117.8141,78.96,80,100,0.96,overcast clouds
359,Torit,SS,4.4133,32.5678,74.77,75,100,1.43,overcast clouds
360,San Policarpo,PH,12.1791,125.5072,79.72,80,68,9.91,broken clouds
361,Belaya Gora,RU,68.5333,146.4167,-3.05,88,100,7.61,overcast clouds
362,Prince Rupert,CA,54.3161,-130.3201,42.8,56,1,3.44,clear sky
363,Boueni,YT,-12.9025,45.0761,82.4,78,0,6.91,moderate rain
364,Tura,IN,25.5198,90.2201,75.16,39,0,3.29,clear sky
365,Sao Filipe,CV,14.8961,-24.4956,76.28,66,39,6.04,scattered clouds
366,Tokmak,UA,47.2514,35.7058,45.18,92,100,6.67,overcast clouds
367,Valley City,US,46.9233,-98.0032,33.8,86,90,24.16,light snow
368,Vostok,RU,46.4856,135.8833,41.56,56,100,5.39,moderate rain
369,Batagay,RU,67.6333,134.6333,-6.97,99,69,4.12,broken clouds
370,Vestmanna,FO,62.1564,-7.1664,33.8,75,75,1.14,broken clouds
371,Kaeo,NZ,-35.1,173.7833,63.0,97,12,5.41,few clouds
372,Walvis Bay,NA,-22.9575,14.5053,89.6,22,0,13.8,clear sky
373,Lukovetskiy,RU,64.2956,41.9211,48.2,46,20,8.95,light rain
374,Cherskiy,RU,68.75,161.3,-14.28,93,75,4.03,broken clouds
375,Vila Franca Do Campo,PT,37.7167,-25.4333,62.6,94,75,17.27,broken clouds
376,Kulhudhuffushi,MV,6.6221,73.07,82.78,71,23,1.43,few clouds
377,Gordeyevka,RU,52.9569,31.9703,49.93,89,100,4.99,overcast clouds
378,Dalianwan,CN,39.0286,121.695,42.8,49,0,13.42,clear sky
379,Akureyri,IS,65.6835,-18.0878,42.8,56,0,10.36,clear sky
380,Banjarmasin,ID,-3.3244,114.591,74.55,94,41,2.8,scattered clouds
381,Balezino,RU,57.9796,53.0106,32.94,98,98,3.74,overcast clouds
382,Chulman,RU,56.8479,124.9104,-2.65,99,99,2.06,overcast clouds
383,Port Augusta,AU,-32.5,137.7667,66.2,30,40,20.71,scattered clouds
384,Corralillo,CU,22.9819,-80.5856,84.83,62,14,9.53,few clouds
385,Rio Grande,BR,-32.035,-52.0986,77.0,57,75,9.22,broken clouds
386,Mayo,US,38.8876,-76.5119,57.0,82,90,5.75,overcast clouds
387,Iwanai,JP,42.9744,140.5089,45.81,77,100,8.52,overcast clouds
388,Roma,US,43.2128,-75.4557,48.99,81,90,6.91,overcast clouds
389,Conceicao Da Barra,BR,-18.5933,-39.7322,77.58,74,71,9.66,broken clouds
390,Kjollefjord,NO,70.9457,27.3465,30.2,86,40,18.41,light snow
391,Gorontalo,ID,0.5412,123.0595,74.39,94,81,2.77,broken clouds
392,Bagdarin,RU,54.4333,113.6,10.29,65,1,3.56,clear sky
393,Zhigansk,RU,66.7697,123.3711,0.19,99,100,10.6,overcast clouds
394,Kholodnyy,RU,62.7167,147.95,-16.62,97,85,1.81,overcast clouds
395,Tilichiki,RU,60.4667,166.1,0.18,81,94,8.55,overcast clouds
396,Pula,HR,44.8683,13.8481,53.6,100,90,9.22,light rain
397,Egvekinot,RU,66.3167,-179.1667,5.13,70,100,18.23,overcast clouds
398,Muli,MV,2.9167,73.5667,82.26,75,44,6.31,scattered clouds
399,Puerto Escondido,MX,15.85,-97.0667,87.8,74,20,12.66,few clouds
400,Malanje,AO,-9.5402,16.341,64.31,94,98,2.66,light rain
401,Kiruna,SE,67.8557,20.2251,21.2,79,75,4.61,broken clouds
402,Nizhneivkino,RU,58.194,49.5214,31.95,98,100,5.17,overcast clouds
403,Careiro Da Varzea,BR,-3.2003,-59.8119,89.6,74,40,3.44,light rain
404,Irbeyskoye,RU,55.6428,95.4522,34.72,97,100,14.74,snow
405,College,US,64.8569,-147.8028,44.6,42,75,5.75,broken clouds
406,Biharkeresztes,HU,47.1333,21.7167,59.0,59,58,1.99,broken clouds
407,Fortuna Foothills,US,32.6578,-114.4119,89.01,25,1,9.22,clear sky
408,Panama City,PA,8.9936,-79.5197,89.6,70,40,11.5,scattered clouds
409,Hauterive,FR,46.0901,3.4459,41.0,52,0,1.14,clear sky
410,Skowhegan,US,44.7651,-69.7192,57.2,44,20,10.36,few clouds
411,Ostrovnoy,RU,68.0531,39.5131,32.2,91,100,5.59,overcast clouds
412,Lorengau,PG,-2.0226,147.2712,76.93,86,100,3.2,overcast clouds
413,Nongpoh,IN,25.9,91.8833,69.8,78,40,3.6,mist
414,Lyngseidet,NO,69.5763,20.2189,32.0,74,75,10.36,broken clouds
415,Itoman,JP,26.1247,127.6694,71.6,94,75,4.61,broken clouds
416,Chumikan,RU,54.7183,135.315,18.01,86,100,12.33,overcast clouds
417,Ayna,PE,-12.65,-73.9167,67.77,74,88,3.78,overcast clouds
418,Bauchi,NG,10.5,10.0,83.03,19,72,1.43,broken clouds
419,Suluq,LY,31.6682,20.2521,70.41,18,100,9.51,overcast clouds
420,Sharjah,AE,25.3573,55.4033,87.8,36,0,5.75,clear sky
421,Magole,TZ,-6.3667,37.3667,71.6,94,75,0.22,light rain
422,Colac,AU,-38.3333,143.5833,50.0,89,100,5.95,overcast clouds
423,San Rafael,AR,-34.6177,-68.3301,76.26,22,0,13.78,clear sky
424,Srednekolymsk,RU,67.45,153.6833,-11.76,96,65,3.96,broken clouds
425,Camargo,MX,27.6667,-105.1667,88.63,6,0,11.48,clear sky
426,Hirara,JP,24.8,125.2833,74.05,78,7,5.77,clear sky
427,Roebourne,AU,-20.7833,117.1333,81.37,75,88,5.14,overcast clouds
428,Kathmandu,NP,27.7167,85.3167,57.2,54,20,3.44,haze
429,San Patricio,US,28.017,-97.5169,86.0,58,90,13.8,overcast clouds
430,Abu Kamal,SY,34.4506,40.9171,58.24,45,39,18.1,scattered clouds
431,Alyangula,AU,-13.8483,136.4192,66.2,100,74,7.54,broken clouds
432,Hamilton,US,39.1834,-84.5333,66.0,55,40,14.97,scattered clouds
433,Kolyvan,RU,55.3053,82.7391,37.0,93,90,8.95,overcast clouds
434,Santa Cruz,BO,-17.8,-63.1667,78.8,47,75,9.22,broken clouds
435,Verkhnyaya Inta,RU,65.9811,60.3094,35.53,86,100,21.97,overcast clouds
436,Durango,MX,24.8333,-104.8333,83.46,4,0,8.1,clear sky
437,Turan,VN,16.0678,108.2208,78.8,83,40,2.3,scattered clouds
438,Dezful,IR,32.3811,48.4058,75.67,21,0,7.11,clear sky
439,Leningradskiy,RU,69.3833,178.4167,2.86,77,100,10.85,overcast clouds
440,Parvatipuram,IN,18.7833,83.4333,78.44,68,11,1.66,few clouds
441,Pilar,BR,-9.5972,-35.9567,75.2,94,75,5.75,broken clouds
442,Hay River,CA,60.8156,-115.7999,32.0,32,20,21.85,few clouds
443,Lokomotivnyy,RU,53.0118,60.5684,40.1,99,72,7.38,broken clouds
444,Octeville,FR,49.6261,-1.6435,45.0,87,75,2.3,broken clouds
445,Taldan,RU,53.6667,124.8,8.33,90,16,4.65,few clouds
446,Arandis,NA,-22.4167,14.9667,84.38,19,0,13.6,clear sky
447,Inhambane,MZ,-23.865,35.3833,73.9,81,2,8.63,clear sky
448,Vallenar,CL,-28.5708,-70.7581,79.88,35,0,6.08,clear sky
449,Lucera,IT,41.5082,15.3351,55.4,82,20,4.61,few clouds
450,Luderitz,NA,-26.6481,15.1594,78.24,39,38,8.03,scattered clouds
451,Bend,US,44.0582,-121.3153,50.0,16,1,8.05,clear sky
452,Manado,ID,1.487,124.8455,77.32,87,90,4.97,overcast clouds
453,Tarbagatay,RU,51.4803,107.3602,21.2,79,20,2.24,few clouds
454,Coihaique,CL,-45.5752,-72.0662,62.6,48,20,11.5,few clouds
455,Omboue,GA,-1.5746,9.2618,79.68,87,100,4.21,overcast clouds
456,Campos Belos,BR,-13.0367,-46.7717,74.07,68,99,1.66,overcast clouds
457,Ixtapa,MX,20.7,-105.2,80.6,69,1,16.11,clear sky
458,Ormara,PK,25.2088,64.6357,79.16,70,3,9.82,clear sky
459,Knysna,ZA,-34.0363,23.0471,59.0,100,90,4.61,light rain
460,Nenjiang,CN,49.1833,125.2167,2.41,89,34,2.89,scattered clouds
461,Pen,IN,18.75,73.0833,86.0,70,20,4.61,haze
462,Jacareacanga,BR,-6.2222,-57.7528,79.57,87,100,2.24,overcast clouds
463,Macusani,PE,-14.0833,-70.4333,43.75,73,80,8.77,broken clouds
464,Leh,IN,34.1667,77.5833,29.5,63,11,2.64,few clouds
465,Port Hardy,CA,50.6996,-127.4199,50.0,76,20,5.75,few clouds
466,Saint-Augustin,CA,51.226,-58.6502,45.0,71,9,20.76,clear sky
467,Puerto Madryn,AR,-42.7692,-65.0385,77.49,35,1,10.22,clear sky
468,Fairbanks,US,64.8378,-147.7164,44.6,48,75,6.91,broken clouds
469,Shangqiu,CN,34.45,115.65,56.03,59,100,17.52,overcast clouds
470,Canyon,US,34.9803,-101.9188,60.01,29,100,5.01,overcast clouds
471,Kamenka,RU,51.3223,42.7678,52.86,57,88,12.46,overcast clouds
472,Jalu,LY,29.0331,21.5482,68.9,17,100,9.4,overcast clouds
473,Ust-Maya,RU,60.4167,134.5333,-0.65,99,85,1.19,overcast clouds
474,Paramonga,PE,-10.6667,-77.8333,71.8,76,60,8.52,broken clouds
475,Camocim,BR,-2.9022,-40.8411,79.74,83,48,12.53,scattered clouds
476,Nioro,GM,13.35,-15.75,83.48,34,0,11.52,clear sky
477,Guican,CO,6.4618,-72.4113,53.44,89,100,2.57,overcast clouds
478,Sorland,NO,67.667,12.6934,30.2,86,75,4.61,broken clouds
479,Monze,ZM,-16.2833,27.4833,63.63,72,0,3.44,clear sky
480,Ca Mau,VN,9.1769,105.15,78.91,86,67,2.68,broken clouds
481,Port Hawkesbury,CA,45.6169,-61.3485,39.99,93,90,11.5,mist
482,Razdolinsk,RU,58.4211,94.6658,31.57,97,100,7.27,overcast clouds
483,El Dorado,US,38.7666,-120.5177,70.0,32,91,6.82,overcast clouds
484,Yar-Sale,RU,66.8333,70.8333,27.82,77,36,22.64,scattered clouds
485,Pemba,MZ,-12.974,40.5178,73.4,100,90,5.75,moderate rain
486,Trojes,AL,41.756,19.962,55.4,76,75,3.44,broken clouds
487,Riachao Das Neves,BR,-11.7461,-44.91,77.95,58,100,3.4,overcast clouds
488,Pontes E Lacerda,BR,-15.2261,-59.3353,76.48,82,99,0.58,overcast clouds
489,Aksarka,RU,66.5606,67.7975,29.41,77,76,20.13,broken clouds
490,Lasa,IT,46.6166,10.7002,42.8,74,75,11.5,light snow
491,Matara,LK,5.9485,80.5353,76.98,85,92,2.82,overcast clouds
492,Saint George,US,37.1041,-113.5841,77.0,12,1,3.62,clear sky
493,Rocha,UY,-34.4833,-54.3333,63.18,78,0,2.3,clear sky
494,Puksoozero,RU,62.5903,40.6066,44.46,92,87,9.93,overcast clouds
495,Araouane,ML,18.9048,-3.5265,92.26,8,6,9.95,clear sky
496,Noumea,NC,-22.2763,166.4572,78.01,100,75,3.44,light rain
497,Dharchula,IN,29.85,80.5333,60.08,37,5,7.81,clear sky
498,Vredendal,ZA,-31.6683,18.5012,75.25,29,22,1.34,few clouds
499,Safford,US,32.834,-109.7076,86.0,11,1,6.91,clear sky
500,Menongue,AO,-14.6585,17.691,62.65,61,28,4.81,scattered clouds
501,Kalaleh,IR,37.3807,55.4916,65.12,60,11,4.12,few clouds
502,Isangel,VU,-19.55,169.2667,80.08,79,100,3.87,overcast clouds
503,Armidale,AU,-30.5167,151.65,39.24,72,0,3.78,clear sky
504,Catamarca,AR,-28.4696,-65.7852,75.0,65,6,1.99,clear sky
505,Sechura,PE,-5.5569,-80.8222,80.83,58,38,13.71,scattered clouds
506,Pinahat,IN,26.8839,78.3781,81.72,12,0,4.5,clear sky
507,Port Blair,IN,11.6667,92.75,81.95,77,26,3.89,scattered clouds
508,Nicoya,CR,10.1483,-85.452,91.4,55,40,12.66,scattered clouds
509,Grindavik,IS,63.8424,-22.4338,41.0,93,40,11.5,scattered clouds
510,Passagem Franca,BR,-6.1797,-43.7836,80.62,72,100,2.28,overcast clouds
511,Bac Lieu,VN,9.285,105.7244,81.05,81,62,6.98,broken clouds
512,Waingapu,ID,-9.6567,120.2641,75.38,83,28,4.52,scattered clouds
513,Ullapool,GB,57.8987,-5.1604,32.0,72,0,1.01,clear sky
514,Bathsheba,BB,13.2167,-59.5167,82.4,65,20,16.11,volcanic ash
515,Opuwo,NA,-18.0607,13.84,70.59,34,0,7.0,clear sky
516,Gobabis,NA,-22.45,18.9667,65.39,32,0,10.13,clear sky
517,Olafsvik,IS,64.8945,-23.7142,40.8,85,83,7.83,broken clouds
518,Gravdal,NO,68.1214,13.5031,30.2,86,75,4.61,broken clouds
519,Buala,SB,-8.145,159.5921,81.28,79,86,5.14,light rain
520,Nizwa,OM,22.9333,57.5333,79.12,30,3,1.68,clear sky
521,Doka,SD,13.5167,35.7667,88.03,13,96,8.97,overcast clouds
522,Adre,TD,13.4667,22.2,79.34,7,1,13.98,clear sky
523,Vardo,NO,70.3705,31.1107,23.0,80,0,17.27,clear sky
524,Dandong,CN,40.1292,124.3947,39.24,62,72,17.56,broken clouds
525,Fare,PF,-16.7,-151.0167,81.93,74,98,13.13,overcast clouds
526,Salihorsk,BY,52.7876,27.5415,45.61,80,100,9.01,overcast clouds
527,Sobolevo,RU,54.4299,31.8996,49.03,90,100,5.53,light rain
528,Dibrugarh,IN,27.4833,94.9,70.45,62,4,4.45,clear sky
529,Jardim,BR,-21.4803,-56.1381,78.13,75,84,5.37,broken clouds
530,Yamada,JP,39.4667,141.95,53.87,74,100,18.86,overcast clouds
531,Goderich,CA,43.7501,-81.7165,53.6,82,96,4.61,overcast clouds
532,Namatanai,PG,-3.6667,152.4333,74.84,85,100,11.63,light rain
533,Plettenberg Bay,ZA,-34.0527,23.3716,63.72,83,100,3.18,overcast clouds
534,Petropavlovsk-Kamchatskiy,RU,53.0452,158.6483,33.8,47,73,15.66,broken clouds
535,Hoopstad,ZA,-27.8327,25.9083,71.44,30,0,2.82,clear sky
536,Peruibe,BR,-24.32,-46.9983,72.39,91,100,5.26,overcast clouds
537,Nabire,ID,-3.3667,135.4833,75.15,87,100,4.99,overcast clouds
538,Bentiu,SS,9.2333,29.8333,82.99,48,100,4.68,overcast clouds
539,Naryan-Mar,RU,67.6713,53.087,31.12,86,100,16.64,overcast clouds
540,Kachug,RU,53.9606,105.8817,25.47,89,12,2.37,few clouds
541,Port Shepstone,ZA,-30.7414,30.455,75.45,82,100,6.76,overcast clouds
542,Gasa,PS,31.5,34.4667,57.2,58,20,3.44,few clouds
543,Aitape,PG,-3.1374,142.3475,76.23,89,100,2.17,overcast clouds
544,Bondowoso,ID,-7.9135,113.8214,71.76,91,12,2.95,few clouds
545,Okha,RU,53.5739,142.9478,19.0,89,100,9.95,light snow
546,Andenes,NO,69.3143,16.1194,30.0,86,20,8.05,light snow
547,Atasu,KZ,48.6814,71.6433,44.96,54,36,10.25,scattered clouds
548,Meulaboh,ID,4.1363,96.1285,77.16,86,91,4.5,overcast clouds
549,Sao Jose Da Coroa Grande,BR,-8.8978,-35.1478,78.78,82,79,6.93,broken clouds
550,Stornoway,GB,58.2093,-6.3865,39.2,60,4,4.61,clear sky
551,Qujing,CN,25.4833,103.7833,59.0,64,7,1.99,clear sky
552,Luau,AO,-10.7073,22.2247,61.79,98,90,4.07,overcast clouds
553,Ratnagiri,IN,16.9833,73.3,80.46,78,11,6.33,few clouds
554,El Escorial,ES,40.5914,-4.1474,59.0,57,100,1.86,overcast clouds
555,Rauma,FI,61.1272,21.5113,39.2,93,90,6.91,overcast clouds
556,Warka,PL,51.7843,21.1909,48.0,54,100,3.0,overcast clouds
557,Portland,US,45.5234,-122.6762,64.99,17,20,18.41,few clouds
558,Coffs Harbour,AU,-30.3,153.1333,48.2,93,0,3.44,clear sky
559,Salamiyah,SY,35.0113,37.0532,43.79,80,0,6.91,clear sky
560,Berdigestyakh,RU,62.0989,126.6992,-9.72,100,100,1.14,overcast clouds
561,Dingle,PH,10.9995,122.6711,75.78,86,100,4.23,light rain
562,Letka,RU,59.6011,49.4232,33.55,93,51,4.74,broken clouds
563,Ballater,GB,57.0493,-3.0402,32.0,66,29,1.99,scattered clouds
564,Llanes,ES,43.4198,-4.7549,51.01,70,100,14.72,overcast clouds
565,Kedrovyy,RU,56.1667,91.8167,35.6,93,75,6.71,light rain and snow
566,Garmsar,IR,35.2182,52.3409,70.84,21,22,4.9,few clouds
567,Lukulu,ZM,-14.3707,23.242,64.56,79,49,2.62,scattered clouds
568,Malacky,SK,48.436,17.0219,37.99,82,100,3.0,light rain
569,Vila,PT,42.0304,-8.1588,55.99,58,100,1.99,overcast clouds
570,Nigde,TR,37.8333,34.75,30.02,81,66,0.85,broken clouds
571,Richards Bay,ZA,-28.783,32.0377,71.2,92,48,3.24,scattered clouds
572,Ganzhou,CN,28.8184,115.4327,60.08,93,93,1.05,overcast clouds
573,Coos Bay,US,43.3665,-124.2179,66.99,50,1,23.02,clear sky
574,Port-Cartier,CA,50.0334,-66.8654,50.0,53,40,9.22,scattered clouds
575,Colares,PT,38.7992,-9.4469,62.01,74,100,3.91,light rain
576,Kosh-Agach,RU,50.0,88.6667,24.01,58,38,3.13,scattered clouds
577,Maumere,ID,-8.6199,122.2111,77.9,79,35,4.63,scattered clouds
578,Urumqi,CN,43.801,87.6005,50.0,22,0,11.18,clear sky
579,San Cristobal,VE,7.7669,-72.225,91.4,43,75,18.41,broken clouds
580,Alberton,CA,46.8168,-64.0654,37.4,93,100,19.57,overcast clouds
581,Tomatlan,MX,19.9333,-105.25,87.84,38,1,11.59,clear sky
582,Kasongo,CD,-4.45,26.6667,68.7,96,100,1.59,light rain
583,Sakakah,SA,29.9697,40.2064,64.4,22,0,9.22,clear sky
584,Kudahuvadhoo,MV,2.6708,72.8944,81.73,75,42,5.48,scattered clouds
585,Maragogi,BR,-9.0122,-35.2225,78.51,82,79,6.69,broken clouds
586,Kyren,RU,51.6828,102.1408,28.2,81,85,1.16,overcast clouds
587,Khromtau,KZ,50.2503,58.4347,33.35,63,13,10.38,few clouds
588,Salalah,OM,17.0151,54.0924,82.4,69,20,5.75,few clouds
589,Znamenskoye,RU,57.1281,73.8282,29.93,94,1,4.47,clear sky
590,Progreso,MX,21.2833,-89.6667,105.8,31,75,8.05,broken clouds
591,Coracora,PE,-15.0333,-73.7833,57.06,71,83,5.97,broken clouds
592,Tocopilla,CL,-22.092,-70.1979,71.4,64,54,6.53,broken clouds
593,Orahovac,XK,42.3994,20.6547,57.2,28,75,25.32,broken clouds
594,Longyearbyen,SJ,78.2186,15.6401,12.2,62,40,8.05,scattered clouds
595,Quatre Cocos,MU,-20.2078,57.7625,75.2,94,75,4.61,moderate rain
596,Zhezkazgan,KZ,47.8043,67.7144,45.9,58,0,17.22,clear sky
597,Obregon,NI,11.9566,-85.9636,96.8,44,20,6.91,few clouds
598,Moa,CU,20.6569,-74.9403,82.87,65,25,7.56,scattered clouds
599,Santa Rosalia,MX,27.3167,-112.2833,79.39,31,0,0.74,clear sky
600,Zelenets,RU,61.8849,50.7489,41.0,30,0,8.95,clear sky
601,Jizan,SA,17.3333,42.6667,84.2,65,0,3.44,clear sky
602,Castlebar,IE,53.85,-9.3,46.0,25,59,3.09,broken clouds
603,Banyo,CM,6.75,11.8167,67.26,79,100,9.26,light rain
604,Kishorganj,BD,24.4333,90.7667,78.01,45,70,2.53,broken clouds
605,Linxia,CN,35.6003,103.2064,43.65,76,81,3.31,broken clouds
606,Liverpool,GB,53.4106,-2.9779,42.8,61,0,5.75,clear sky
607,Tshela,CD,-4.9833,12.9333,74.52,97,100,0.69,overcast clouds
608,Aksu,CN,41.1231,80.2644,56.98,38,100,15.86,light rain
609,Huercal-Overa,ES,37.389,-1.9454,55.0,84,100,3.0,overcast clouds
610,Mindelo,CV,16.8901,-24.9804,73.4,73,75,23.02,broken clouds
611,Akyab,MM,20.15,92.9,78.71,82,8,5.08,clear sky
612,Mondlo,ZA,-27.983,30.7177,61.23,63,2,3.83,clear sky
613,Dubbo,AU,-32.25,148.6167,35.6,93,1,6.91,clear sky
614,Nurota,UZ,40.5614,65.6886,51.8,50,7,2.3,clear sky
615,Pemangkat,ID,1.1667,108.9667,77.13,84,98,3.83,overcast clouds
616,Karlstad,SE,59.3793,13.5036,33.8,100,75,5.75,broken clouds
617,Veraval,IN,20.9,70.3667,80.35,56,2,14.9,clear sky
618,Strezhevoy,RU,60.7333,77.5889,32.0,74,0,4.47,clear sky
619,Blagoyevo,RU,63.3667,47.9167,41.76,88,99,11.01,overcast clouds
620,Saint-Pierre,RE,-21.3393,55.4781,80.6,74,90,5.75,moderate rain
621,Kismayo,SO,-0.3582,42.5454,81.95,75,13,9.31,few clouds
622,Nipawin,CA,53.3668,-104.0009,33.8,51,1,24.16,clear sky
623,Leshukonskoye,RU,64.8989,45.7622,42.28,86,100,10.74,overcast clouds
624,Camacha,PT,33.0833,-16.3333,66.2,94,20,7.47,few clouds
625,Catalina,US,32.5056,-110.9211,89.01,14,0,1.99,clear sky
626,Ibra,OM,22.6906,58.5334,76.17,51,0,3.38,clear sky
627,Shepsi,RU,44.0361,39.1489,47.77,88,100,2.77,light rain
628,Tateyama,JP,34.9833,139.8667,57.2,82,75,6.91,light rain
629,Rajapur,IN,25.3833,81.15,84.22,9,0,4.7,clear sky
630,Aksarayskiy,RU,46.7924,48.0119,55.4,54,0,8.95,clear sky
631,Sao Felix Do Xingu,BR,-6.6447,-51.995,81.01,79,75,2.68,moderate rain
632,Garza Garcia,MX,25.6667,-100.4,82.4,51,20,9.22,few clouds
633,Bardiyah,LY,31.7561,25.0865,58.68,65,4,11.32,clear sky
634,Sibolga,ID,1.7427,98.7792,75.13,89,54,3.44,broken clouds
635,Wajir,KE,1.7471,40.0573,80.58,66,53,9.19,broken clouds
636,Mahanoro,MG,-19.9,48.8,73.54,92,93,5.75,light rain
637,Alice Springs,AU,-23.7,133.8833,51.8,58,99,3.44,overcast clouds
638,Itaituba,BR,-4.2761,-55.9836,87.8,66,20,5.75,few clouds
639,Inongo,CD,-1.95,18.2667,73.08,84,77,6.85,broken clouds
640,Raga,SS,8.4596,25.678,76.17,71,43,8.59,scattered clouds
641,Floresta,BR,-8.6011,-38.5686,80.91,58,99,11.83,overcast clouds
642,Rassvet,RU,46.8333,40.75,49.84,96,100,4.34,overcast clouds
643,Balykshi,KZ,47.0667,51.8667,51.8,25,0,13.42,clear sky
644,Kangaatsiaq,GL,68.3065,-53.4641,33.26,86,100,34.99,light snow
645,Evanston,US,42.0411,-87.6901,62.6,44,20,20.71,few clouds
646,Huntsville,US,34.7304,-86.5861,79.0,31,1,4.61,clear sky
647,Honiara,SB,-9.4333,159.95,79.84,82,83,2.8,broken clouds
648,Homer,US,59.6425,-151.5483,42.8,75,75,4.09,light snow
649,Neiafu,TO,-18.65,-173.9833,75.2,100,40,2.3,light rain
650,Volchikha,RU,52.0333,80.3833,36.95,67,59,5.08,broken clouds
651,Novikovo,RU,51.1537,37.8879,54.93,68,85,8.23,overcast clouds
652,De-Kastri,RU,51.4667,140.7833,25.21,94,100,12.73,snow
653,Guthrie,US,35.8789,-97.4253,64.99,34,1,11.5,clear sky
654,Sovetskiy,RU,61.3614,63.5842,33.17,90,41,6.35,scattered clouds
655,Kefamenanu,ID,-9.4467,124.4781,68.27,88,89,2.35,overcast clouds
656,Padang,ID,-0.9492,100.3543,76.86,82,100,2.8,overcast clouds
657,Sakaiminato,JP,35.55,133.2333,60.8,67,90,28.77,overcast clouds
658,Nago,JP,26.5881,127.9761,71.6,88,90,7.47,overcast clouds
659,Kirksville,US,40.1948,-92.5833,60.01,41,1,12.66,clear sky
660,Arkhangelsk,RU,64.5401,40.5433,48.2,46,20,8.95,few clouds
661,Remanso,BR,-9.6179,-42.0831,82.15,47,100,2.42,overcast clouds
662,Daru,PG,-9.0763,143.2092,76.37,84,83,4.38,broken clouds
663,Payo,ID,-3.7508,103.6372,72.0,96,100,1.59,overcast clouds
664,Tarko-Sale,RU,64.9225,77.785,34.0,81,99,5.99,overcast clouds
665,Yaan,NG,7.3833,8.5667,89.42,37,97,3.18,overcast clouds
666,Fershampenuaz,RU,53.5202,59.8117,43.86,97,100,6.26,overcast clouds
667,Sangmelima,CM,2.9333,11.9833,70.11,93,91,2.46,overcast clouds
668,Severnyy-Kospashskiy,RU,59.0925,57.8008,24.01,59,8,2.73,clear sky
669,Xichang,CN,27.8964,102.2634,54.0,80,12,2.62,few clouds
670,Emerald,AU,-23.5333,148.1667,59.0,36,0,12.66,clear sky
671,Viedma,AR,-40.8135,-62.9967,79.54,27,4,8.79,clear sky
672,Xining,CN,36.6167,101.7667,38.05,77,70,2.08,broken clouds
673,Praia Da Vitoria,PT,38.7333,-27.0667,62.6,94,40,22.68,scattered clouds
674,Rumoi,JP,43.9344,141.6428,45.82,82,100,11.61,light rain
675,Casa Nova,BR,-9.4167,-41.1333,91.4,38,75,8.05,broken clouds
676,Chegutu,ZW,-18.1302,30.1407,64.04,50,5,10.29,clear sky
677,Aykhal,RU,66.0,111.5,10.58,99,100,10.16,overcast clouds
678,Alta Floresta,BR,-9.8756,-56.0861,89.6,55,40,3.44,scattered clouds
679,North Battleford,CA,52.7834,-108.2847,41.0,28,1,16.11,clear sky
680,Basco,PH,20.4487,121.9702,77.4,83,52,15.68,broken clouds
681,Talara,PE,-4.5772,-81.2719,86.0,58,0,17.27,clear sky
682,Bhuj,IN,23.2667,69.6667,79.2,36,0,10.31,clear sky
683,Coahuayana,MX,18.7333,-103.6833,82.4,54,1,11.5,clear sky
684,Saryagash,KZ,41.4511,69.1701,51.8,71,0,2.3,clear sky
685,Sao Miguel Do Araguaia,BR,-13.275,-50.1628,80.1,68,100,3.38,overcast clouds
686,Umm Kaddadah,SD,13.6017,26.6876,73.38,6,100,12.91,overcast clouds
687,Yumen,CN,40.2833,97.2,34.63,84,92,7.83,light snow
688,Waipawa,NZ,-41.4122,175.5153,66.2,77,75,21.85,broken clouds
689,Nchelenge,ZM,-9.3451,28.734,69.37,88,100,6.73,moderate rain
690,Tacna,PE,-18.0056,-70.2483,69.8,64,0,12.66,clear sky
691,Hailar,CN,49.2,119.7,18.09,43,3,5.44,clear sky
692,Neuquen,AR,-38.9516,-68.0591,86.0,28,0,5.75,clear sky
693,Kralendijk,BQ,12.15,-68.2667,84.2,74,75,19.57,broken clouds
694,Athabasca,CA,54.7169,-113.2854,39.2,45,16,3.44,few clouds
695,Valdivia,CL,-39.8142,-73.2459,71.6,60,0,11.5,clear sky
696,Mokhsogollokh,RU,61.4681,128.9203,0.0,99,100,2.8,overcast clouds
697,Priargunsk,RU,50.3691,119.1012,20.46,33,1,3.76,clear sky
698,Venice,US,27.0998,-82.4543,81.0,65,1,13.8,clear sky
699,Hambantota,LK,6.1241,81.1185,78.49,81,56,3.0,broken clouds
700,Borskoye,RU,53.0333,51.7167,48.9,89,81,6.93,broken clouds
701,Kavieng,PG,-2.5744,150.7967,77.92,76,100,13.31,light rain
702,Akdagmadeni,TR,39.6603,35.8836,32.88,85,82,3.22,broken clouds
703,Shu,KZ,43.5983,73.7614,57.99,62,9,5.99,clear sky
704,Pychas,RU,56.5033,52.4409,41.0,78,100,4.25,overcast clouds
705,Haines Junction,CA,60.7522,-137.5108,46.4,27,47,4.61,scattered clouds
